Category,Root,Word Form 1,Word Form 2,Word Form 3,Word Form 4
Noun_m,लड़िका,लड़िका,लड़िकन,लड़िका,लड़िकन
Noun_m,राजा,राजा,राजा,राजा,राजन
Noun_m,घर,घर,घर,घर,घरन
Noun_m,खर्च,खर्च,खर्च,खर्च,खर्चन
Noun_m,कवि,कवि,कवि,कवि,कविन
Noun_m,आदमी,आदमी,आदमी,आदमी,आदमिन
Noun_m,सत्रु,सत्रु,सत्रु,सत्रु,सत्रुन
Noun_m,आलू,आलू,आलू,आलू,आलुन
Noun_m,कुवाँ,कुवाँ/कुआँ/कुवां/कुआं,कुवाँ/कुआँ/कुवां/कुआं,कुवाँ/कुआँ/कुवां/कुआं,कुवँन/कुवंन/कुअँन/कुअंन
Noun_m,गेहूँ,गेहूँ/गेहूं,गेहूँ/गेहूं,गेहूँ/गेहूं,गेहुँन/गेहुंन
Noun_m,क्रोध,क्रोध,क्रोध,क्रोध,क्रोध
Noun_m,लकठो,लकठो,लकठन/लकठोन,लकठो,लकठन/लकठोन
Noun_m,सरसों,सरसों/सरसोँ,सरसोंन/सरसोँन/सरसंन/सरसँन,सरसों/सरसोँ,सरसोंन/सरसोँन/सरसंन/सरसँन
Noun_m,गोसाईं,गोसाईं/गोसाईँ,गोसाईं/गोसाईँ,गोसाईं/गोसाईँ,गोसाईंअन/गोसाईँअन
Noun_m,सोनरा,सोनरा,सोनरा,सोनरा,सोनरन
Noun_m_e,लड़िका,लड़िके/लड़िकइ/लड़िकै,लड़िकने/लड़िकनइ/लड़िकनै,लड़िके/लड़िकइ/लड़िकै,लड़िकने/लड़िकनइ/लड़िकनै
Noun_m_e,राजा,राजे/राजइ/राजै,राजे/राजइ/राजै,राजे/राजइ/राजै,राजनइ/राजने/राजनै
Noun_m_e,घर,घरे/घरइ/घरै,घरे/घरइ/घरै,घरे/घरइ/घरै,घरनइ/घरने/घरनै
Noun_m_e,खर्च,खर्चे/खर्चइ/खर्चै,खर्चे/खर्चइ/खर्चै,खर्चे/खर्चइ/खर्चै,खर्चनइ/खर्चने/खर्चनै
Noun_m_e,कवि,कविए/कविअइ/कविऐ,कविए/कविअइ/कविऐ,कविए/कविअइ/कविऐ,कविने/कविनइ/कविनै
Noun_m_e,आदमी,आदमिए/आदमिअइ/आदमिऐ,आदमिए/आदमिअइ/आदमिऐ,आदमिए/आदमिअइ/आदमिऐ,आदमिनइ/आदमिने/आदमिनै
Noun_m_e,सत्रु,सत्रुए/सत्रुअइ/सत्रुऐ,सत्रुए/सत्रुअइ/सत्रुऐ,सत्रुए/सत्रुअइ/सत्रुऐ,सत्रुने/सत्रुनइ/सत्रुनै
Noun_m_e,आलू,आलुए/आलुअइ/आलुऐ,आलुए/आलुअइ/आलुऐ,आलुए/आलुअइ/आलुऐ,आलुनइ/आलुने/आलुनै
Noun_m_e,कुवाँ,कुवें/कुवैं/कुवइं/कुएं/कुवैं/कुवइं/कुवेँ/कुवैँ/कुवँइ/कुएँ/कुऐ़/कुअइँ,कुवें/कुवैं/कुवइं/कुएं/कुवैं/कुवइं/कुवेँ/कुवैँ/कुवँइ/कुएँ/कुऐ़/कुअइँ,कुवें/कुवैं/कुवइं/कुएं/कुवैं/कुवइं/कुवेँ/कुवैँ/कुवँइ/कुएँ/कुऐ़/कुअइँ,कुवँनइ/कुवंनइ/कुंवने/कुंवनै/कुँवने/कुँवनै/कुअँने/कुअंने/कुअँनइ/कुअंनइ/कुअँनै/कुअंनै
Noun_m_e,गेहूँ,गेहूँए/गेहूंए/गेहूँऐ/गेहूंऐ/गेहूँअइ/गेहूंअइ,गेहूँए/गेहूंए/गेहूँऐ/गेहूंऐ/गेहूँअइ/गेहूंअइ,गेहूँए/गेहूंए/गेहूँऐ/गेहूंऐ/गेहूँअइ/गेहूंअइ,गेहुँने/गेहुंने/गेहुँनइ/गेहुंनइ/गेहुँनै/गेहुंनै
Noun_m_e,क्रोध,क्रोधे/क्रोधै/क्रोधइ,क्रोधे/क्रोधै/क्रोधइ,क्रोधे/क्रोधै/क्रोधइ,क्रोधे/क्रोधै/क्रोधइ
Noun_m_e,लकठो,लकठे/लकठइ/लकठै,लकठने/लकठोने/लकठनइ/लकठोनइ/लकठनै/लकठोनै,लकठे/लकठइ/लकठै,लकठने/लकठोने/लकठनइ/लकठोनइ/लकठनै/लकठोनै
Noun_m_e,सरसों,सरसोंएं/सरसोँएँ/सरसोंऐं/सरसोँऐँ/सरसोंअइं/सरसोँअइँ,सरसोंने/सरसोँनइ/सरसंनइ/सरसँनइ/सरसंनै/सरसँनै,सरसोंएं/सरसोँएँ/सरसोंऐं/सरसोँऐँ/सरसोंअइं/सरसोँअइँ,सरसोंने/सरसोँने/सरसंनइ/सरसँनइ/सरसंनै/सरसँनै
Noun_m_e,गोसाईं,गोसाईंए/गोसाईँए/गोसाईंअइं/गोसाईँअइँ/गोसाईंऐं/गोसाईँऐँ,गोसाईंए/गोसाईँए/गोसाईंअइं/गोसाईँअइँ/गोसाईंऐं/गोसाईँऐँ,गोसाईंए/गोसाईँए/गोसाईंअइं/गोसाईँअइँ/गोसाईंऐं/गोसाईँऐँ,गोसाईंअनइ/गोसाईँअनइ/गोसाईंअने/गोसाईँअने/गोसाईंअनै/गोसाईँअनै
Noun_m_e,सोनरा,सोनरे/सोनरइ/सोनरै,सोनरे/सोनरइ/सोनरै,सोनरे/सोनरइ/सोनरै,सोनरनइ/सोनरने/सोनरनै
Noun_m_e1,लड़िका,लड़िको/लड़िकौ/लड़िकउ,लड़िकनो/लड़िकनौ/लड़िकनउ,लड़िको/लड़िकौ/लड़िकउ,लड़िकनौ/लड़िकनो/लड़िकनउ
Noun_m_e1,राजा,राजो/राजौ/राजउ,राजो/राजौ/राजउ,राजो/राजौ/राजउ,राजनो/राजनौ/राजनउ
Noun_m_e1,घर,घरो/घरौ/घरउ,घरो/घरौ/घरउ,घरो/घरौ/घरउ,घरनो/घरनौ/घरनउ
Noun_m_e1,खर्च,खर्चो/खर्चौ/खर्चउ,खर्चो/खर्चौ/खर्चउ,खर्चो/खर्चौ/खर्चउ,खर्चनो/खर्चनौ/खर्चनउ
Noun_m_e1,कवि,कविओ/कविअउ/कविऔ,कविओ/कविअउ/कविऔ,कविओ/कविअउ/कविऔ,कविनो/कविनउ/कविनौ
Noun_m_e1,आदमी,आदमिओ/आदमिअउ/आदमिऔ,आदमिओ/आदमिअउ/आदमिऔ,आदमिओ/आदमिअउ/आदमिऔ,आदमिनउ/आदमिनो/आदमिनौ
Noun_m_e1,सत्रु,सत्रुओ/सत्रुअउ/सत्रुऔ,सत्रुओ/सत्रुअउ/सत्रुऔ,सत्रुओ/सत्रुअउ/सत्रुऔ,सत्रुनो/सत्रुनउ/सत्रुनौ
Noun_m_e1,आलू,आलुओ/आलुअउ/आलुऔ,आलुओ/आलुअउ/आलुऔ,आलुओ/आलुअउ/आलुऔ,आलुनउ/आलुनो/आलुनौ
Noun_m_e1,कुवाँ,कुवों/कुवौं/कुवउं/कुवोँ/कुवौँ/कुवउँ/कुओं/कुऔं/कुअंउ/कुओँ/कुऔँ/कुअँउ,कुवों/कुवौं/कुवउं/कुवोँ/कुवौँ/कुवउँ/कुओं/कुऔं/कुअंउ/कुओँ/कुऔँ/कुअँउ,कुवों/कुवौं/कुवउं/कुवोँ/कुवौँ/कुवउँ/कुओं/कुऔं/कुअंउ/कुओँ/कुऔँ/कुअँउ,कुवँनउ/कुवंनउ/कुंवनो/कुंवनौ/कुँवनो/कुँवनौ/कुअँनो/कुअंनो/कुअँनउ/कुअंनउ/कुअँनौ/कुअंनौ
Noun_m_e1,गेहूँ,गेहूँओ/गेहूंओ/गेहूँऔ/गेहूंऔ/गेहूँअउ/गेहूंअउ,गेहूँओ/गेहूंओ/गेहूँऔ/गेहूंऔ/गेहूँअउ/गेहूंअउ,गेहूँओ/गेहूंओ/गेहूँऔ/गेहूंऔ/गेहूँअउ/गेहूंअउ,गेहुँनो/गेहुंनो/गेहुँनउ/गेहुंनउ/गेहुँनौ/गेहुंनौ
Noun_m_e1,क्रोध,क्रोधो/क्रोधौ/क्रोधउ,क्रोधो/क्रोधौ/क्रोधउ,क्रोधो/क्रोधौ/क्रोधउ,क्रोधो/क्रोधौ/क्रोधउ
Noun_m_e1,लकठो,लकठो/लकठउ/लकठौ,लकठनो/लकठोनो/लकठनउ/लकठोनउ/लकठनौ/लकठोनौ,लकठो/लकठउ/लकठौ,लकठनो/लकठोनो/लकठनउ/लकठोनउ/लकठनौ/लकठोनौ
Noun_m_e1,सरसों,सरसोंओं/सरसोँओँ/सरसोंऔं/सरसोँऔँ/सरसोंअउं/सरसोँअउँ,सरसोंनो/सरसोँनउ/सरसंनउ/सरसँनउ/सरसंनौ/सरसँनौ,सरसोंओं/सरसोँओँ/सरसोंऔं/सरसोँऔँ/सरसोंअउं/सरसोँअउँ,सरसोंनो/सरसोँनो/सरसंनउ/सरसँनउ/सरसंनौ/सरसँनौ
Noun_m_e1,गोसाईं,गोसाईंओ/गोसाईँओ/गोसाईंअउं/गोसाईँअउँ/गोसाईंऔं/गोसाईँऔँ,गोसाईंओ/गोसाईँओ/गोसाईंअउं/गोसाईँअउँ/गोसाईंऔं/गोसाईँऔँ,गोसाईंओ/गोसाईँओ/गोसाईंअउं/गोसाईँअउँ/गोसाईंऔं/गोसाईँऔँ,गोसाईंअनउ/गोसाईँअनउ/गोसाईंअनो/गोसाईँअनो/गोसाईंअनौ/गोसाईँअनौ
Noun_m_e1,सोनरा,सोनरो/सोनरउ/सोनरौ,सोनरो/सोनरउ/सोनरौ,सोनरो/सोनरउ/सोनरौ,सोनरनउ/सोनरनो/सोनरनौ
Noun_f,लड़की,लड़की,लड़किन,लड़की,लड़किन
Noun_f,माई,माई/मायी,माइन/मायन,माई/मायी,माइन/मायन
Noun_f,रात,रात,रात,रात,रातन
Noun_f,राति,राति,राति,राति,रातिन
Noun_f,औरत,औरत,औरतन,औरत,औरतन
Noun_f,भासा,भासा,भासा,भासा,भासन
Noun_f,गुड़िया,गुड़िया/गुड़िआ,गुड़िया/गुड़िआ,गुड़िया/गुड़िआ,गुड़ियन/गुड़िअन
Noun_f,सक्ति,सक्ति,सक्ति,सक्ति,सक्तिन
Noun_f,ऋतु,ऋतु,ऋतु,ऋतु,ऋतुन
Noun_f,बहू,बहू,बहुन,बहू,बहुन
Noun_f,लौ,लौ,लौअन,लौ,लौअन
Noun_f,माँ,माँ/मां,माँवन/माँयन/माँइन/मांवन/मांयन/मांँइन,माँ/मां,माँवन/माँयन/माँइन/मांवन/मांयन/मांँइन
Noun_f,फोटो,फोटो,फोटो,फोटो,फोटोन
Noun_f,फोटों,फोटों/फोटोँ,फोटों/फोटोँ,फोटों/फोटोँ,फोटोंन/फोटोँन
Noun_f,भूइं,भूइं/भूइँ/भूईं/भूईँ,भूइंअन/भूइँअन/भूईंन/भूईँन,भूइं/भूइँ/भूईं/भूईँ,भूइंअन/भूइँअन/भूईंन/भूईँन
Noun_f,भौं,भौं/भौँ,भौंअन/भौँअन/भँउअन/भंउअन,भौं/भौँ,भौंअन/भौँअन/भँउअन/भंउअन
Noun_f,भरसाईं,भरसाईं/भरसाईँ,भरसाइंन/बरसाइँन,भरसाईं/भरसाईँ,भरसाइंन/बरसाइँन
Noun_f,भोर,भोर,भोर,भोर,भोरन
Noun_f_e,लड़की,लड़किए,लड़किअइ,लड़किऐ,लड़किने
Noun_f_e,माई,माइए,मइए,मइअइ,मइऐ
Noun_f_e,मायिए,मायिअइ,मायै,माइने,माइनइ
Noun_f_e,राते,रातइ,रातै,रातने,रातनइ
Noun_f_e,रातिए,रातिए,रातिअइ,रातिने,रातिनइ
Noun_f_e,औरते,औरतइ,औरतै,औरतने,औरतनइ
Noun_f_e,भासे,भासइ,भासै,भासने,भासनइ
Noun_f_e,गुड़िये,गुड़िए,गुड़ियइ,गुड़िअइ,गुड़िऐ
Noun_f_e,गुड़ियने,गुड़िअनइ,गुड़िअने,गुड़ियनै,गुड़िअनै
Noun_f_e,सक्तिअइ,सक्तिऐ,सक्तिने,सक्तिनइ,सक्तिनऐ
Noun_f_e,ऋतुअइ,ऋतुऐ,ऋतुने,ऋतुअनइ,ऋतुनै
Noun_f_e,बहुअइ,बहुऐ,बहुने,बहुनइ,बहुनै
Noun_f_e,लौअइ,लौऐ,लौने,लौनइ,लौनै
Noun_f_e,माँऐ,माँए,मांअइ,मांऐ,मांए
Noun_f_e,माँवने,मांवनइ,मांवनै,मांवने,माँयनइ
Noun_f_e,मांयनइ,मांयनै,मांयने,माँइने,माँइनइ
Noun_f_e,मांँइनइ,मांँइनै,फोटो,फोटोए,फोटोअइ
Noun_f_e,फोटोनइ,फोटोनै,फोटों,फोटोँए,फोटँअइ
Noun_f_e,फोटोंअइ,फोटोंऐ,फोटोँने,फोटोँनइ,फोटोँनै
Noun_f_e,फोटोंनै,भूइं,भूइंए,भूइँए,भूइंअइ
Noun_f_e,भूइँऐ,भूइंअने,भूइँअने,भूइंअनइ,भूइँअनइ
Noun_f_e,भौं,भौंए,भौँए,भौँउए,भौंउए
Noun_f_e,भौँउऐ,भौंउऐ,भौंअइ,भौँअइ,भौँउअइ
Noun_f_e,भौँअने,भँउअने,भंउअने,भौंअनइ,भौँअनइ
Noun_f_e,भौंअनै,भौँअनै,भँउअनै,भंउअनै,भरसाईं
Noun_f_e,भरसइंअइं,भरसइँअइँ,भरसाइंऐं,भरसाइँऐँ,भरसाइंने
Noun_f_e,भरसाइँनइँ,भरसइंने,भरसइँने,भरसइंनइं,भरसइँनइँ
Noun_f_e,भोरइ,भोरै,भोरने,भोरनइ,भोरनै
Noun_m_e1,लड़िका,लड़िको/लड़िकौ/लड़िकउ,लड़िकनो/लड़िकनौ/लड़िकनउ,लड़िको/लड़िकौ/लड़िकउ,लड़िकनौ/लड़िकनो/लड़िकनउ
Noun_m_e1,राजा,राजो/राजौ/राजउ,राजो/राजौ/राजउ,राजो/राजौ/राजउ,राजनो/राजनौ/राजनउ
Noun_m_e1,घर,घरो/घरौ/घरउ,घरो/घरौ/घरउ,घरो/घरौ/घरउ,घरनो/घरनौ/घरनउ
Noun_m_e1,खर्च,खर्चो/खर्चौ/खर्चउ,खर्चो/खर्चौ/खर्चउ,खर्चो/खर्चौ/खर्चउ,खर्चनो/खर्चनौ/खर्चनउ
Noun_m_e1,कवि,कविओ/कविअउ/कविऔ,कविओ/कविअउ/कविऔ,कविओ/कविअउ/कविऔ,कविनो/कविनउ/कविनौ
Noun_m_e1,आदमी,आदमिओ/आदमिअउ/आदमिऔ,आदमिओ/आदमिअउ/आदमिऔ,आदमिओ/आदमिअउ/आदमिऔ,आदमिनउ/आदमिनो/आदमिनौ
Noun_m_e1,सत्रु,सत्रुओ/सत्रुअउ/सत्रुऔ,सत्रुओ/सत्रुअउ/सत्रुऔ,सत्रुओ/सत्रुअउ/सत्रुऔ,सत्रुनो/सत्रुनउ/सत्रुनौ
Noun_m_e1,आलू,आलुओ/आलुअउ/आलुऔ,आलुओ/आलुअउ/आलुऔ,आलुओ/आलुअउ/आलुऔ,आलुनउ/आलुनो/आलुनौ
Noun_m_e1,कुवाँ,कुवों/कुवौं/कुवउं/कुवोँ/कुवौँ/कुवउँ/कुओं/कुऔं/कुअंउ/कुओँ/कुऔँ/कुअँउ,कुवों/कुवौं/कुवउं/कुवोँ/कुवौँ/कुवउँ/कुओं/कुऔं/कुअंउ/कुओँ/कुऔँ/कुअँउ,कुवों/कुवौं/कुवउं/कुवोँ/कुवौँ/कुवउँ/कुओं/कुऔं/कुअंउ/कुओँ/कुऔँ/कुअँउ,कुवँनउ/कुवंनउ/कुंवनो/कुंवनौ/कुँवनो/कुँवनौ/कुअँनो/कुअंनो/कुअँनउ/कुअंनउ/कुअँनौ/कुअंनौ
Noun_m_e1,गेहूँ,गेहूँओ/गेहूंओ/गेहूँऔ/गेहूंऔ/गेहूँअउ/गेहूंअउ,गेहूँओ/गेहूंओ/गेहूँऔ/गेहूंऔ/गेहूँअउ/गेहूंअउ,गेहूँओ/गेहूंओ/गेहूँऔ/गेहूंऔ/गेहूँअउ/गेहूंअउ,गेहुँनो/गेहुंनो/गेहुँनउ/गेहुंनउ/गेहुँनौ/गेहुंनौ
Noun_m_e1,क्रोध,क्रोधो/क्रोधौ/क्रोधउ,क्रोधो/क्रोधौ/क्रोधउ,क्रोधो/क्रोधौ/क्रोधउ,क्रोधो/क्रोधौ/क्रोधउ
Noun_m_e1,लकठो,लकठो/लकठउ/लकठौ,लकठनो/लकठोनो/लकठनउ/लकठोनउ/लकठनौ/लकठोनौ,लकठो/लकठउ/लकठौ,लकठनो/लकठोनो/लकठनउ/लकठोनउ/लकठनौ/लकठोनौ
Noun_m_e1,सरसों,सरसोंओं/सरसोँओँ/सरसोंऔं/सरसोँऔँ/सरसोंअउं/सरसोँअउँ,सरसोंनो/सरसोँनउ/सरसंनउ/सरसँनउ/सरसंनौ/सरसँनौ,सरसोंओं/सरसोँओँ/सरसोंऔं/सरसोँऔँ/सरसोंअउं/सरसोँअउँ,सरसोंनो/सरसोँनो/सरसंनउ/सरसँनउ/सरसंनौ/सरसँनौ
Noun_m_e1,गोसाईं,गोसाईंओ/गोसाईँओ/गोसाईंअउं/गोसाईँअउँ/गोसाईंऔं/गोसाईँऔँ,गोसाईंओ/गोसाईँओ/गोसाईंअउं/गोसाईँअउँ/गोसाईंऔं/गोसाईँऔँ,गोसाईंओ/गोसाईँओ/गोसाईंअउं/गोसाईँअउँ/गोसाईंऔं/गोसाईँऔँ,गोसाईंअनउ/गोसाईँअनउ/गोसाईंअनो/गोसाईँअनो/गोसाईंअनौ/गोसाईँअनौ
Noun_m_e1,सोनरा,सोनरो/सोनरउ/सोनरौ,सोनरो/सोनरउ/सोनरौ,सोनरो/सोनरउ/सोनरौ,सोनरनउ/सोनरनो/सोनरनौ
Noun_f_rednt,लड़किया,लड़किया,लड़कियन/लड़किअन,लड़किया,लड़कियन/लड़किअन
Noun_f_rednt,मइया,मइया/मइआ,मइयन/मइअन,मइया/मइआ,मइयन/मइअन
Noun_f_rednt,रतिया,रतिया/रतिआ,रतिया/रतिआ,रतिया/रतिआ,रतियन/रतिअन
Noun_f_rednt,औरतिया,औरतिया/औरतिआ,औरतियन/औरतिअन,औरतिया/औरतिआ,औरतियन/औरतिअन
Noun_f_rednt,भसवा,भसवा,भसवा,भसवा,भसवन
Noun_f_rednt,लउवा,लउवा/लउआ,लउवन/लउअन,लउवा/लउआ,लउवन/लउअन
Noun_f_rednt,गुड़ियवा,गुड़ियवा/गुड़िअवा,गुड़ियवा/गुड़िअवा,गुड़ियवा/गुड़िअवा,गुड़ियवन/गुड़िअवन
Noun_f_rednt,सक्तिया,सक्तिया/सक्तिआ,सक्तिया/सक्तिआ,सक्तिया/सक्तिआ,सक्तियन/सक्तिअन
Noun_f_rednt,ऋतुवा,ऋतुवा/ऋतुआ,ऋतुवा/ऋतुआ,ऋतुवा/ऋतुआ,ऋतुवन/ऋतुअन
Noun_f_rednt,बहुवा,बहुवा/बहुआ,बहुवन/बहुअन,बहुवा/बहुआ,बहुवन/बहुअन
Noun_f_rednt,भोरवा,भोरवा,भोरवा,भोरवा,भोरवन
Noun_f_rednt,भरसइंयां,भरसइंयां/भरसइंयाँ,भरसइंयन/भरसइँयन,भरसइंयां/भरसइंयाँ,भरसइंयन/भरसइँयन/भरसइंअन/भरसइँअन
Noun_f_rednt,भौंवां,भौंवां/भौँवाँ,भौंवन/भौँवन,भौंवां/भौँवाँ,भौंवन/भौँवन
Noun_f_rednt,फोटोंइयां,फोटोंइयां/फोटोंइयाँ,फोटोंइयां/फोटोंइयाँ,फोटोंइयां/फोटोंइयाँ,फोटोंइयन/फोटोँइयन/फोटोंइअन/फोटोँइअन
Noun_f_rednt,भुइंयां,भुइंयां/भुइंयाँ/भुइँयां/भुइँयाँ,भुइंयन/भुइँयन/भुइंअन/भुइँअन,भुइंयां/भुइंयाँ/भुइँयां/भुइँयाँ,भुइंयन/भुइँयन/भुइंअन/भुइँअन
Noun_f_rednt,फोटोइया,फोटोइया,फोटोइया,फोटोइया,फोटोइयन/फोटोइअन
Noun_f_rednt_e,लड़किया,लड़किये/लड़कियइ/लड़कियै,लड़कियनइ/लड़कियने/लड़कियनै/लड़किअनइ/लड़किअने/लड़किअनै,लड़किये/लड़कियइ/लड़कियै,लड़कियनइ/लड़कियने/लड़कियनै/लड़किअनइ/लड़किअने/लड़किअनै
Noun_f_rednt_e,मइया,मइये/मइयइ/मइयै/मइए/मइअइ/मइऐ,मइयनइ/मइयने/मइयनै/मइअनइ/मइअने/मइअनै,मइये/मइयइ/मइयै/मइए/मइअइ/मइऐ,मइयनइ/मइयने/मइयनै/मइअनइ/मइअने/मइअनै
Noun_f_rednt_e,रतिया,रतिये/रतियइ/रतियै/रतिए/रतिअइ/रतिऐ,रतिये/रतियइ/रतियै/रतिए/रतिअइ/रतिऐ,रतिये/रतियइ/रतियै/रतिए/रतिअइ/रतिऐ,रतियनइ/रतियने/रतियनै/रतिअने/रतिअनइ/रतिअनै
Noun_f_rednt_e,औरतिया,औरतिये/औरतियइ/औरतियै/औरतिए/औरतिअइ/औरतिऐ,औरतियनइ/औरतियने/औरतियनै/औरतिअने/औरतिअनइ/औरतिअनै,औरतिये/औरतियइ/औरतियै/औरतिए/औरतिअइ/औरतिऐ,औरतियनइ/औरतियने/औरतियनै/औरतिअने/औरतिअनइ/औरतिअनै
Noun_f_rednt_e,भसवा,भसवे/भसवइ/भसवै,भसवे/भसवइ/भसवै,भसवे/भसवइ/भसवै,भसवनइ/भसवने/भसवनै
Noun_f_rednt_e,लउवा,लउवे/लउवइ/लउवै/लउए/लउअइ/लउऐ,लउवने/लउवनै/लउवनइ/लउअने/लउअनइ/लऋउअनै,लउवे/लउवइ/लउवै/लउए/लउअइ/लउऐ,लउवने/लउवनै/लउवनइ/लउअने/लउअनइ/लऋउअनै
Noun_f_rednt_e,गुड़ियवा,गुड़ियवइ/गुड़ियवे/गुड़ियवै/गुड़िअवइ/गुड़िअवे/गुड़िअवै,गुड़ियवइ/गुड़ियवे/गुड़ियवै/गुड़िअवइ/गुड़िअवे/गुड़िअवै,गुड़ियवइ/गुड़ियवे/गुड़ियवै/गुड़िअवइ/गुड़िअवे/गुड़िअवै,गुड़ियवनइ/गुड़ियवने/गुड़ियवनै/गुड़िअवने/गुड़िअवनइ/गुड़िअवनै
Noun_f_rednt_e,सक्तिया,सक्तिये/सक्तियइ/सक्तियै,सक्तिये/सक्तियइ/सक्तियै,सक्तिये/सक्तियइ/सक्तियै,सक्तियनइ/सक्तियने/सक्तियनै
Noun_f_rednt_e,बहुवा,बहुवे/बहुवइ/बहुवै,बहुवे/बहुवइ/बहुवै,बहुवे/बहुवइ/बहुवै,बहुवनइ/बहुवने/बहुवनै
Noun_f_rednt_e,ऋतुवा,ऋतुवे/ऋतुवै/ऋतुवइ,ऋतुवे/ऋतुवै/ऋतुवइ,ऋतुवे/ऋतुवै/ऋतुवइ,ऋतुवने/ऋतुवनै/ऋतुव्नइ
Noun_f_rednt_e,भोरवा,भोरवे/भोरवइ/भोरवै,भोरवे/भोरवइ/भोरवै,भोरवे/भोरवइ/भोरवै,भोरवनइ/भोरवने/भोरवनै
Noun_f_rednt_e,भरसइंयां,भरसइंयें/भरसइंयैं/भरसइंयइं/भरसइंयेँ/भरसइंयैँ/भरसइंयइँ/भरसइँयें/भरसइँयैं/भरसइँयइं/भरसइँयेँ/भरसइँयैँ/भरसइँयइँ,भरसइंयनें/भरसइंयनइं/भरसइंयनैं/भरसइंयनेँ/भरसइंयनइँ/भरसइंयनैँ/भरसइँयनेँ/भरसइँयनइँ/भरसइँयनैँ/भरसइँयनें/भरसइँयनइं/भरसइँयनैं,भरसइंयें/भरसइंयैं/भरसइंयइं/भरसइंयेँ/भरसइंयैँ/भरसइंयइँ/भरसइँयें/भरसइँयैं/भरसइँयइं/भरसइँयेँ/भरसइँयैँ/भरसइँयइँ,भरसइंयनें/भरसइंयनइं/भरसइंयनैं/भरसइंयनेँ/भरसइंयनइँ/भरसइंयनैँ/भरसइँयनेँ/भरसइँयनइँ/भरसइँयनैँ/भरसइँयनें/भरसइँयनइं/भरसइँयनैं
Noun_f_rednt_e,भौंवां,भौंवें/भौँवेँ/भौंवइं/भौँवइँ/भौंवैं/भौँवैँ/भौंवेँ/भौँवें/भौंवइँ/भौँवइं/भौंवैँ/भौँवैं,भौंवने/भौंवनइ/भौंवनइ/भोँवने/भोँवनइ/भोँवनै,भौंवें/भौँवेँ/भौंवइं/भौँवइँ/भौंवैं/भौँवैँ/भौंवेँ/भौँवें/भौंवइँ/भौँवइं/भौंवैँ/भौँवैं,भौंवने/भोँवने/भौंवनइ/भौँवनइ/भौंवनै/भोँवनैए/
Noun_f_rednt_e,फोटों,फोटोंइयें/फोटोँइयेँ/फोटोंइयेँ/फोटोँइयें/फोटोंइयैं/फोटोँइयैँ/फोटोंइयैँ/फोटोँइयैं/फोटोंइयइं/फोटोँइयइँ/फोटोंइयइँ/फोटोँइयइं,फोटोंइयें/फोटोँइयेँ/फोटोंइयेँ/फोटोँइयें/फोटोंइयैं/फोटोँइयैँ/फोटोंइयैँ/फोटोँइयैं/फोटोंइयइं/फोटोँइयइँ/फोटोंइयइँ/फोटोँइयइं,फोटोंइयें/फोटोँइयेँ/फोटोंइयेँ/फोटोँइयें/फोटोंइयैं/फोटोँइयैँ/फोटोंइयैँ/फोटोँइयैं/फोटोंइयइं/फोटोँइयइँ/फोटोंइयइँ/फोटोँइयइं,फोटोंइयने/फोटोँइयने/फोटोंइयनइ/फोटोँइयनइ/फोटोंइयनै/फोटोँइयनै
Noun_f_rednt_e,भुइंयां,भुइंयें/भुइँयेँ/भुइंयेँ/भुइँयें/भुइंयइं/भुइँयइँ/भुइंयइँ/भुइँयइं/भुइंयैं/भुइँयैँ/भुइंयैँ/भुइँयैं,भुइंयनइ/भुइँयनइ/भुइंयने/भुइँयने/भुइंयनै/भुइँयनै,भुइंयें/भुइँयेँ/भुइंयेँ/भुइँयें/भुइंयइं/भुइँयइँ/भुइंयइँ/भुइँयइं/भुइंयैं/भुइँयैँ/भुइंयैँ/भुइँयैं,भुइंयनइ/भुइँयनइ/भुइंयने/भुइँयने/भुइंयनै/भुइँयनै
Noun_f_rednt_e,फोटोइया,फोटोइये/फोटोइयइ/फोटोइऐ,फोटोइये/फोटोइयइ/फोटोइऐ,फोटोइये/फोटोइयइ/फोटोइऐ,फोटोइयने/फोट्यनइ/फोटनै
Noun_f_rednt_e1,लड़किया,लड़कियो/लड़कियौ/लड़कियउ,लड़कियनो/लड़कियनौ/लड़कियनउ/लड़किअनो/लड़किअनौ/लड़किअनउ,लड़कियो/लड़कियौ/लड़कियउ,लड़कियनो/लड़कियनौ/लड़कियनउ/लड़किअनो/लड़किअनौ/लड़किअनउ
Noun_f_rednt_e1,मइया,मइयो/मइयौ/मइयउ/मइओ/मइअउ/मइऔ,मइयनो/मइयनौ/मइयनउ/मइअनो/मइअनौ/मइअनउ,मइयो/मइयौ/मइयउ/मइओ/मइअउ/मइऔ,मइयनो/मइयनौ/मइयनउ/मइअनो/मइअनौ/मइअनउ
Noun_f_rednt_e1,रतिया,रतियो/रतियौ/रतियउ/रतिओ/रतिअउ/रतिऔ,रतियो/रतियौ/रतियउ/रतिओ/रतिअउ/रतिऔ,रतियो/रतियौ/रतियउ/रतिओ/रतिअउ/रतिऔ,रतियनो/रतियनौ/रतियनउ/रतिअनो/रतिअनौ/रतिअनउ
Noun_f_rednt_e1,औरतिया,औरतियो/औरतियौ/औरतियउ/औरतिओ/औरतिऔ/औरतिअउ,औरतियनो/औरतियनौ/औरतियनउ/औरतिअनो/औरतिअनौ/औरतिअनउ,औरतियो/औरतियौ/औरतियउ/औरतिओ/औरतिऔ/औरतिअउ,औरतियनो/औरतियनौ/औरतियनउ/औरतिअनो/औरतिअनौ/औरतिअनउ
Noun_f_rednt_e1,भसवा,भसवो/भसवौ/भसवउ,भसवो/भसवौ/भसवउ,भसवो/भसवौ/भसवउ,भसवनो/भसवनौ/भसवनउ
Noun_f_rednt_e1,लउवा,लउवो/लउवउ/लउवौ/लउओ/लउअउ/लउऔ,लउवनो/लउअनो/लउवनउ/लउअनउ/लउवनौ/लउअनौ/,लउवो/लउवउ/लउवौ/लउओ/लउअउ/लउऔ,लउवनो/लउअनो/लउवनउ/लउअनउ/लउवनौ/लउअनौ/
Noun_f_rednt_e1,गुड़ियवा,गुड़ियवो/गुड़िअवो/गुड़ियवउ/गुड़िअवउ/गुड़ियवौ/गुड़िअवौ,गुड़ियवो/गुड़िअवो/गुड़ियवउ/गुड़िअवउ/गुड़ियवौ/गुड़िअवौ,गुड़ियवो/गुड़िअवो/गुड़ियवउ/गुड़िअवउ/गुड़ियवौ/गुड़िअवौ,गुड़ियवनो/गुड़ियवनौ/गुड़ियवनउ/गुड़िअवनो/गुड़िअवनउ/गुड़िअवनौ
Noun_f_rednt_e1,सक्तिया,सक्तियो/सक्तियौ/सक्तियउ,सक्तियो/सक्तियौ/सक्तियउ,सक्तियो/सक्तियौ/सक्तियउ,सक्तियनो/सक्तियनौ/सक्तियनउ
Noun_f_rednt_e1,बहुवा,बहुवो/बहुवौ/बहुवउ,बहुवो/बहुवौ/बहुवउ,बहुवो/बहुवौ/बहुवउ,बहुवनो/बहुवनौ/बहुवनउ
Noun_f_rednt_e1,ऋतुवा,ऋतुवो/ऋतुवौ/ऋतुवउ,ऋतुवो/ऋतुवौ/ऋतुवउ,ऋतुवो/ऋतुवौ/ऋतुवउ,ऋतुवनो/ऋतुवनौ/ऋतुवनउ
Noun_f_rednt_e1,भोरवा,भोरवो/भोरवौ/भोरवउ,भोरवो/भोरवौ/भोरवउ,भोरवो/भोरवौ/भोरवउ,भोरवनो/भोरवनौ/भोरवनउ
Noun_f_rednt_e1,भरसइंयां,भरसइंयों/भरसइंयौं/भरसइंयउं/भरसइंयोँ/भरसइंयौँ/भरसइंयउँ/भरसइँयों/भरसइँयौं/भरसइँयउं/भरसइँयोँ/भरसइँयौँ/भरसइँयउँ,भरसइंयनों/भरसइंयनउं/भरसइंयनौं/भरसइंयनोँ/भरसइंयनउँ/भरसइंयनौँ/भरसइँयनोँ/भरसइँयनउँ/भरसइँयनौँ/भरसइँयनों/भरसइँयनउं/भरसइँयनौं,भरसइंयों/भरसइंयौं/भरसइंयउं/भरसइंयोँ/भरसइंयौँ/भरसइंयउँ/भरसइँयों/भरसइँयौं/भरसइँयउं/भरसइँयोँ/भरसइँयौँ/भरसइँयउँ,भरसइंयनों/भरसइंयनउं/भरसइंयनौं/भरसइंयनोँ/भरसइंयनउँ/भरसइंयनौँ/भरसइँयनोँ/भरसइँयनउँ/भरसइँयनौँ/भरसइँयनों/भरसइँयनउं/भरसइँयनौं
Noun_f_rednt_e1,भौंवां,भौंवों/भौँवोँ/भौंवउं/भौँवउँ/भौंवौं/भौँवौँ/भौंवोँ/भौँवों/भौंवउँ/भौँवं/भौंवौँ/भौँवौं,भौंवनो/भोँवनो/भौंवनउ/भोँवनउ/भौंवनौ/भोँवनौ,भौंवों/भौँवोँ/भौंवउं/भौँवउँ/भौंवौं/भौँवौँ/भौंवोँ/भौँवों/भौंवउँ/भौँवं/भौंवौँ/भौँवौं,भौंवनो/भोँवनो/भौंवनउ/भोँवनउ/भौंवनौ/भोँवनौ
Noun_f_rednt_e1,फोटों,फोटोंइयों/फोटोँइयोँ/फोटोंइयोँ/फोटोँइयों/फोटोंइयौं/फोटोँइयौँ/फोटोंइयौँ/फोटोँइयौं/फोटोंइयउं/फोटोँइयउँ/फोटोंइयउँ/फोटोँइयउं,फोटोंइयों/फोटोँइयोँ/फोटोंइयोँ/फोटोँइयों/फोटोंइयौं/फोटोँइयौँ/फोटोंइयौँ/फोटोँइयौं/फोटोंइयउं/फोटोँइयउँ/फोटोंइयउँ/फोटोँइयउं,फोटोंइयों/फोटोँइयोँ/फोटोंइयोँ/फोटोँइयों/फोटोंइयौं/फोटोँइयौँ/फोटोंइयौँ/फोटोँइयौं/फोटोंइयउं/फोटोँइयउँ/फोटोंइयउँ/फोटोँइयउं,फोटोंइयनो/फोटोँइयनो/फोटोंइयनौ/फोटोँइयनौ/फोटोंइयनउ/फोटोँइयनउ
Noun_f_rednt_e1,भुइंयां,भुइंयों/भुइँयोँ/भुइंयोँ/भुइँयों/भुइंयउं/भुइँयउँ/भुइंयउँ/भुइँयउं/भुइंयौं/भुइँयौँ/भुइंयौँ/भुइँयौं,भुइंयनउ/भुइँयनउ/भुइंयनौ/भुइँयनौ/भुइंयनो/भुइँयनो,भुइंयों/भुइँयोँ/भुइंयोँ/भुइँयों/भुइंयउं/भुइँयउँ/भुइंयउँ/भुइँयउं/भुइंयौं/भुइँयौँ/भुइंयौँ/भुइँयौं,भुइंयनउ/भुइँयनउ/भुइंयनौ/भुइँयनौ/भुइंयनो/भुइँयनो
Noun_f_rednt_e1,फोटोइया,फोटोइयो/फोटोइयउ/फोटोइऔ,फोटोइयो/फोटोइयउ/फोटोइऔ,फोटोइयो/फोटोइयउ/फोटोइऔ,फोटोइयनो/फोट्यनउ/फोटनौ
